iter	RMSE
0	131.1688813
1	125.6416841
2	120.4819286
3	116.6468662
4	113.0870422
5	109.8989267
6	106.9874739
7	104.5927619
8	102.2282844
9	100.3017901
10	98.80516927
11	97.85552792
12	96.49500284
13	95.22156491
14	94.3109248
15	93.13681365
16	91.71400985
17	90.82574747
18	90.31737834
19	89.66202439
20	89.04786438
21	88.2435528
22	87.5836872
23	86.97176675
24	86.46619932
25	85.97234372
